Sample in Buffer,Sample in Window,TRIGGER,voltage_signals[15:0],parallel_word_data[15:0],DAC_send_pulse
Radix - UNSIGNED,UNSIGNED,UNSIGNED,HEX,SIGNED,HEX
0,0,0,066c,-3254,0
1,1,0,066c,-13014,0
2,2,1,066c,-13014,1
3,3,0,066c,13482,1
4,4,0,066c,13482,1
5,5,0,066c,-11605,1
6,6,0,066c,-11605,1
7,7,0,066c,19116,1
8,8,0,066c,19116,1
9,9,0,066c,10930,1
10,10,0,066c,10930,1
11,11,0,066c,10930,1
12,12,0,066c,10930,1
13,13,0,066c,10930,1
14,14,0,066c,10930,1
15,15,0,066c,10930,1
16,16,0,066c,10930,1
17,17,0,066c,10930,1
18,18,0,066c,10930,1
19,19,0,066c,10930,1
20,20,0,066c,-21816,1
21,21,0,066c,-21816,1
22,22,0,066c,-21726,1
23,23,0,066c,-21726,1
24,24,0,066c,-21366,1
25,25,0,066c,-21366,1
26,26,0,066c,-19925,1
27,27,0,066c,-19925,1
28,28,0,066c,-14161,1
29,29,0,066c,-14161,1
30,30,0,066c,8893,1
31,31,0,066c,8893,1
32,32,0,066c,-29961,1
33,33,0,066c,-29961,1
34,34,0,066c,11231,1
35,35,0,066c,11231,1
36,36,0,066c,11231,1
37,37,0,066c,11231,1
38,38,0,066c,11231,1
39,39,0,066c,11231,1
40,40,0,066c,11231,1
41,41,0,066c,11231,1
42,42,0,066c,11231,1
43,43,0,066c,11231,1
44,44,0,066c,11231,1
45,45,0,066c,-20612,1
46,46,0,066c,-20612,1
47,47,0,066c,-16910,1
48,48,0,066c,-16910,1
49,49,0,066c,-2102,1
50,50,0,066c,-2102,1
51,51,0,066c,-8405,1
52,52,0,066c,-8405,1
53,53,0,066c,31919,1
54,54,0,066c,31919,1
55,55,0,066c,-3394,1
56,56,0,066c,-3394,1
57,57,0,066c,-13575,1
58,58,0,066c,-13575,1
59,59,0,066c,11239,1
60,60,0,066c,11239,1
61,61,0,066c,11239,1
62,62,0,066c,11239,1
63,63,0,066c,11239,1
64,64,0,066c,11239,1
65,65,0,066c,11239,1
66,66,0,066c,11239,1
67,67,0,066c,11239,1
68,68,0,066c,11239,1
69,69,0,066c,11239,1
70,70,0,066c,-20580,1
71,71,0,066c,-20580,1
72,72,0,066c,-16781,1
73,73,0,066c,-16781,1
74,74,0,066c,-1588,1
75,75,0,066c,-1588,1
76,76,0,066c,-6352,1
77,77,0,066c,-6352,1
78,78,0,066c,-25405,1
79,79,0,066c,-25405,1
80,80,0,066c,29454,1
81,81,0,066c,29454,1
82,82,0,066c,-13256,1
83,83,0,066c,-13256,1
84,84,0,066c,12515,1
85,85,0,066c,12515,1
86,86,0,066c,12515,1
87,87,0,066c,12515,1
88,88,0,066c,12515,1
89,89,0,066c,12515,1
90,90,0,066c,12515,1
91,91,0,066c,12515,1
92,92,0,066c,12515,1
93,93,0,066c,12515,1
94,94,0,066c,12515,1
95,95,0,066c,-15476,1
96,96,0,066c,-15476,1
97,97,0,066c,3635,1
98,98,0,066c,3635,1
99,99,0,066c,14541,1
100,100,0,066c,14541,1
101,101,0,066c,-7370,1
102,102,0,066c,-7370,1
103,103,0,066c,-29478,1
104,104,0,066c,-29478,1
105,105,0,066c,13161,1
106,106,0,066c,13161,1
107,107,0,066c,-12890,1
108,108,0,066c,-12890,1
109,109,0,066c,13977,1
110,110,0,066c,13977,1
111,111,0,066c,13977,1
112,112,0,066c,13977,1
113,113,0,066c,13977,1
114,114,0,066c,13977,1
115,115,0,066c,13977,1
116,116,0,066c,13977,1
117,117,0,066c,13977,1
118,118,0,066c,13977,1
119,119,0,066c,13977,1
120,120,0,066c,-9628,1
121,121,0,066c,-9628,1
122,122,0,066c,27026,1
123,123,0,066c,27026,1
124,124,0,066c,-22966,1
125,125,0,066c,-22966,1
126,126,0,066c,-26326,1
127,127,0,066c,-26326,1
128,128,0,066c,25770,1
129,129,0,066c,25770,1
130,130,0,066c,-27992,1
131,131,0,066c,-27992,1
132,132,0,066c,19107,1
133,133,0,066c,19107,1
134,134,0,066c,10894,1
135,135,0,066c,10894,1
136,136,0,066c,10894,1
137,137,0,066c,10894,1
138,138,0,066c,10894,1
139,139,0,066c,10894,1
140,140,0,066c,10894,1
141,141,0,066c,10894,1
142,142,0,066c,10894,1
143,143,0,066c,10894,1
144,144,0,066c,10894,1
145,145,0,066c,-21960,1
146,146,0,066c,-21960,1
147,147,0,066c,-22302,1
148,148,0,066c,-22302,1
149,149,0,066c,-23672,1
150,150,0,066c,-23672,1
151,151,0,066c,-29150,1
152,152,0,066c,-29150,1
153,153,0,066c,14473,1
154,154,0,066c,14473,1
155,155,0,066c,-7642,1
156,156,0,066c,-7642,1
157,157,0,066c,-30568,1
158,158,0,066c,-30568,1
159,159,0,066c,8802,1
160,160,0,066c,8802,1
161,161,0,066c,8802,1
162,162,0,066c,8802,1
163,163,0,066c,8802,1
164,164,0,066c,8802,1
165,165,0,066c,8802,1
166,166,0,066c,8802,1
167,167,0,066c,8802,1
168,168,0,066c,8802,1
169,169,0,066c,8802,1
170,170,0,066c,-30328,1
171,171,0,066c,-30328,1
172,172,0,066c,9762,1
173,173,0,066c,9762,1
174,174,0,066c,-26487,1
175,175,0,066c,-26487,1
176,176,0,066c,25127,1
177,177,0,066c,25127,1
178,178,0,066c,-30564,1
179,179,0,066c,-30564,1
180,180,0,066c,8818,1
181,181,0,066c,8818,1
182,182,0,066c,-30264,1
183,183,0,066c,-30264,1
184,184,0,066c,10016,1
185,185,0,066c,10016,1
186,186,0,066c,10016,1
187,187,0,066c,10016,1
188,188,0,066c,10016,1
189,189,0,066c,10016,1
190,190,0,066c,10016,1
191,191,0,066c,10016,1
192,192,0,066c,10016,1
193,193,0,066c,10016,1
194,194,0,066c,10016,1
195,195,0,066c,-25472,1
196,196,0,066c,-25472,1
197,197,0,066c,29186,1
198,198,0,066c,29186,1
199,199,0,066c,-14326,1
200,200,0,066c,-14326,1
201,201,0,066c,8232,1
202,202,0,066c,8232,1
203,203,0,066c,-32606,1
204,204,0,066c,-32606,1
205,205,0,066c,650,1
206,206,0,066c,650,1
207,207,0,066c,2601,1
208,208,0,066c,2601,1
209,209,0,066c,10407,1
210,210,0,066c,10407,1
211,211,0,066c,10407,1
212,212,0,066c,10407,1
213,213,0,066c,10407,1
214,214,0,066c,10407,1
215,215,0,066c,10407,1
216,216,0,066c,10407,1
217,217,0,066c,10407,1
218,218,0,066c,10407,1
219,219,0,066c,10407,1
220,220,0,066c,-23908,1
221,221,0,066c,-23908,1
222,222,0,066c,-30094,1
223,223,0,066c,-30094,1
224,224,0,066c,10698,1
225,225,0,066c,10698,1
226,226,0,066c,-22744,1
227,227,0,066c,-22744,1
228,228,0,066c,-25438,1
229,229,0,066c,-25438,1
230,230,0,066c,29323,1
231,231,0,066c,29323,1
232,232,0,066c,-13778,1
233,233,0,066c,-13778,1
234,234,0,066c,10426,1
235,235,0,066c,10426,1
236,236,0,066c,10426,1
237,237,0,066c,10426,1
238,238,0,066c,10426,1
239,239,0,066c,10426,1
240,240,0,066c,10426,1
241,241,0,066c,10426,1
242,242,0,066c,10426,1
243,243,0,066c,10426,1
244,244,0,066c,10426,1
245,245,0,066c,-23832,1
246,246,0,066c,-23832,1
247,247,0,066c,-29790,1
248,248,0,066c,-29790,1
249,249,0,066c,11913,1
250,250,0,066c,11913,1
251,251,0,066c,-17884,1
252,252,0,066c,-17884,1
253,253,0,066c,-5998,1
254,254,0,066c,-5998,1
255,255,0,066c,-23989,1
256,256,0,066c,-23989,1
257,257,0,066c,-30418,1
258,258,0,066c,-30418,1
259,259,0,066c,9402,1
260,260,0,066c,9402,1
261,261,0,066c,9402,1
262,262,0,066c,9402,1
263,263,0,066c,9402,1
264,264,0,066c,9402,1
265,265,0,066c,9402,1
266,266,0,066c,9402,1
267,267,0,066c,9402,1
268,268,0,066c,9402,1
269,269,0,066c,9402,1
270,270,0,066c,-27928,1
271,271,0,066c,-27928,1
272,272,0,066c,19362,1
273,273,0,066c,19362,1
274,274,0,066c,11915,1
275,275,0,066c,11915,1
276,276,0,066c,-17875,1
277,277,0,066c,-17875,1
278,278,0,066c,-5962,1
279,279,0,066c,-5962,1
280,280,0,066c,-23845,1
281,281,0,066c,-23845,1
282,282,0,066c,-29843,1
283,283,0,066c,-29843,1
284,284,0,066c,11700,1
285,285,0,066c,11700,1
286,286,0,066c,11700,1
287,287,0,066c,11700,1
288,288,0,066c,11700,1
289,289,0,066c,11700,1
290,290,0,066c,11700,1
291,291,0,066c,11700,1
292,292,0,066c,11700,1
293,293,0,066c,11700,1
294,294,0,066c,11700,1
295,295,0,066c,-18736,1
296,296,0,066c,-18736,1
297,297,0,066c,-9406,1
298,298,0,066c,-9406,1
299,299,0,066c,27915,1
300,300,0,066c,27915,1
301,301,0,066c,-19410,1
302,302,0,066c,-19410,1
303,303,0,066c,-12104,1
304,304,0,066c,-12104,1
305,305,0,066c,17122,1
306,306,0,066c,17122,1
307,307,0,066c,2954,1
308,308,0,066c,2954,1
309,309,0,066c,11818,1
310,310,0,066c,11818,1
311,311,0,066c,11818,1
312,312,0,066c,11818,1
313,313,0,066c,11818,1
314,314,0,066c,11818,1
315,315,0,066c,11818,1
316,316,0,066c,11818,1
317,317,0,066c,11818,1
318,318,0,066c,11818,1
319,319,0,066c,11818,1
320,320,0,066c,-18264,1
321,321,0,066c,-18264,1
322,322,0,066c,-7518,1
323,323,0,066c,-7518,1
324,324,0,066c,-30070,1
325,325,0,066c,-30070,1
326,326,0,066c,10794,1
327,327,0,066c,10794,1
328,328,0,066c,-22360,1
329,329,0,066c,-22360,1
330,330,0,066c,-23902,1
331,331,0,066c,-23902,1
332,332,0,066c,-30069,1
333,333,0,066c,-30069,1
334,334,0,066c,10799,1
335,335,0,066c,10799,1
336,336,0,066c,10799,1
337,337,0,066c,10799,1
338,338,0,066c,10799,1
339,339,0,066c,10799,1
340,340,0,066c,10799,1
341,341,0,066c,10799,1
342,342,0,066c,10799,1
343,343,0,066c,10799,1
344,344,0,066c,10799,1
345,345,0,066c,-22340,1
346,346,0,066c,-22340,1
347,347,0,066c,-23822,1
348,348,0,066c,-23822,1
349,349,0,066c,-29750,1
350,350,0,066c,-29750,1
351,351,0,066c,12074,1
352,352,0,066c,12074,1
353,353,0,066c,-17237,1
354,354,0,066c,-17237,1
355,355,0,066c,-3409,1
356,356,0,066c,-3409,1
357,357,0,066c,-13635,1
358,358,0,066c,-13635,1
359,359,0,066c,10997,1
360,360,0,066c,10997,1
361,361,0,066c,10997,1
362,362,0,066c,10997,1
363,363,0,066c,10997,1
364,364,0,066c,10997,1
365,365,0,066c,10997,1
366,366,0,066c,10997,1
367,367,0,066c,10997,1
368,368,0,066c,10997,1
369,369,0,066c,10997,1
370,370,0,066c,-21548,1
371,371,0,066c,-21548,1
372,372,0,066c,-20654,1
373,373,0,066c,-20654,1
374,374,0,066c,-17078,1
375,375,0,066c,-17078,1
376,376,0,066c,-2773,1
377,377,0,066c,-2773,1
378,378,0,066c,-11089,1
379,379,0,066c,-11089,1
380,380,0,066c,21181,1
381,381,0,066c,21181,1
382,382,0,066c,19190,1
383,383,0,066c,19190,1
384,384,0,066c,11225,1
385,385,0,066c,11225,1
386,386,0,066c,11225,1
387,387,0,066c,11225,1
388,388,0,066c,11225,1
389,389,0,066c,11225,1
390,390,0,066c,11225,1
391,391,0,066c,11225,1
392,392,0,066c,11225,1
393,393,0,066c,11225,1
394,394,0,066c,11225,1
395,395,0,066c,-20636,1
396,396,0,066c,-20636,1
397,397,0,066c,-17006,1
398,398,0,066c,-17006,1
399,399,0,066c,-2486,1
400,400,0,066c,-2486,1
401,401,0,066c,-9941,1
402,402,0,066c,-9941,1
403,403,0,066c,25775,1
404,404,0,066c,25775,1
405,405,0,066c,-27969,1
406,406,0,066c,-27969,1
407,407,0,066c,19199,1
408,408,0,066c,19199,1
409,409,0,066c,11262,1
410,410,0,066c,11262,1
411,411,0,066c,11262,1
412,412,0,066c,11262,1
413,413,0,066c,11262,1
414,414,0,066c,11262,1
415,415,0,066c,11262,1
416,416,0,066c,11262,1
417,417,0,066c,11262,1
418,418,0,066c,11262,1
419,419,0,066c,11262,1
420,420,0,066c,-20488,1
421,421,0,066c,-20488,1
422,422,0,066c,-16414,1
423,423,0,066c,-16414,1
424,424,0,066c,-118,1
425,425,0,066c,-118,1
426,426,0,066c,-469,1
427,427,0,066c,-469,1
428,428,0,066c,-1874,1
429,429,0,066c,-1874,1
430,430,0,066c,-7495,1
431,431,0,066c,-7495,1
432,432,0,066c,-29980,1
433,433,0,066c,-29980,1
434,434,0,066c,11153,1
435,435,0,066c,11153,1
436,436,0,066c,11153,1
437,437,0,066c,11153,1
438,438,0,066c,11153,1
439,439,0,066c,11153,1
440,440,0,066c,11153,1
441,441,0,066c,11153,1
442,442,0,066c,11153,1
443,443,0,066c,11153,1
444,444,0,066c,11153,1
445,445,0,066c,-20924,1
446,446,0,066c,-20924,1
447,447,0,066c,-18158,1
448,448,0,066c,-18158,1
449,449,0,066c,-7093,1
450,450,0,066c,-7093,1
451,451,0,066c,-28372,1
452,452,0,066c,-28372,1
453,453,0,066c,17586,1
454,454,0,066c,17586,1
455,455,0,066c,4810,1
456,456,0,066c,4810,1
457,457,0,066c,19243,1
458,458,0,066c,19243,1
459,459,0,066c,11439,1
460,460,0,066c,11439,1
461,461,0,066c,11439,1
462,462,0,066c,11439,1
463,463,0,066c,11439,1
464,464,0,066c,11439,1
465,465,0,066c,11439,1
466,466,0,066c,11439,1
467,467,0,066c,11439,1
468,468,0,066c,11439,1
469,469,0,066c,11439,1
470,470,0,066c,-19780,1
471,471,0,066c,-19780,1
472,472,0,066c,-13582,1
473,473,0,066c,-13582,1
474,474,0,066c,11211,1
475,475,0,066c,11211,1
476,476,0,066c,-20692,1
477,477,0,066c,-20692,1
478,478,0,066c,-17231,1
479,479,0,066c,-17231,1
480,480,0,066c,-3388,1
481,481,0,066c,-3388,1
482,482,0,066c,-13550,1
483,483,0,066c,-13550,1
484,484,0,066c,11339,1
485,485,0,066c,11339,1
486,486,0,066c,11339,1
487,487,0,066c,11339,1
488,488,0,066c,11339,1
489,489,0,066c,11339,1
490,490,0,066c,11339,1
491,491,0,066c,11339,1
492,492,0,066c,11339,1
493,493,0,066c,11339,1
494,494,0,066c,11339,1
495,495,0,066c,-20180,1
496,496,0,066c,-20180,1
497,497,0,066c,-15182,1
498,498,0,066c,-15182,1
499,499,0,066c,4811,1
500,500,0,066c,4811,1
501,501,0,066c,19245,1
502,502,0,066c,19245,1
503,503,0,066c,11445,1
504,504,0,066c,11445,1
505,505,0,066c,-19756,1
506,506,0,066c,-19756,1
507,507,0,066c,-13488,1
508,508,0,066c,-13488,1
509,509,0,066c,11587,1
510,510,0,066c,11587,1
511,511,0,066c,11587,1
512,512,0,066c,11587,1
513,513,0,066c,11587,1
514,514,0,066c,11587,1
515,515,0,066c,11587,1
516,516,0,066c,11587,1
517,517,0,066c,11587,1
518,518,0,066c,11587,1
519,519,0,066c,11587,1
520,520,0,066c,-19188,1
521,521,0,066c,-19188,1
522,522,0,066c,-11214,1
523,523,0,066c,-11214,1
524,524,0,066c,20682,1
525,525,0,066c,20682,1
526,526,0,066c,17195,1
527,527,0,066c,17195,1
528,528,0,066c,3247,1
529,529,0,066c,3247,1
530,530,0,066c,12988,1
531,531,0,066c,12988,1
532,532,0,066c,-13582,1
533,533,0,066c,-13582,1
534,534,0,066c,11208,1
535,535,0,066c,11208,1
536,536,0,066c,11208,1
537,537,0,066c,11208,1
538,538,0,066c,11208,1
539,539,0,066c,11208,1
540,540,0,066c,11208,1
541,541,0,066c,11208,1
542,542,0,066c,11208,1
543,543,0,066c,11208,1
544,544,0,066c,11208,1
545,545,0,066c,-20704,1
546,546,0,066c,-20704,1
547,547,0,066c,-17278,1
548,548,0,066c,-17278,1
549,549,0,066c,-3574,1
550,550,0,066c,-3574,1
551,551,0,066c,-14293,1
552,552,0,066c,-14293,1
553,553,0,066c,8367,1
554,554,0,066c,8367,1
555,555,0,066c,-32067,1
556,556,0,066c,-32067,1
557,557,0,066c,2807,1
558,558,0,066c,2807,1
559,559,0,066c,11228,1
560,560,0,066c,11228,1
561,561,0,066c,11228,1
562,562,0,066c,11228,1
563,563,0,066c,11228,1
564,564,0,066c,11228,1
565,565,0,066c,11228,1
566,566,0,066c,11228,1
567,567,0,066c,11228,1
568,568,0,066c,11228,1
569,569,0,066c,11228,1
570,570,0,066c,-20624,1
571,571,0,066c,-20624,1
572,572,0,066c,-16958,1
573,573,0,066c,-16958,1
574,574,0,066c,-2293,1
575,575,0,066c,-2293,1
576,576,0,066c,-9171,1
577,577,0,066c,-9171,1
578,578,0,066c,28854,1
579,579,0,066c,28854,1
580,580,0,066c,-15654,1
581,581,0,066c,-15654,1
582,582,0,066c,2923,1
583,583,0,066c,2923,1
584,584,0,066c,11694,1
585,585,0,066c,11694,1
586,586,0,066c,11694,1
587,587,0,066c,11694,1
588,588,0,066c,11694,1
589,589,0,066c,11694,1
590,590,0,066c,11694,1
591,591,0,066c,11694,1
592,592,0,066c,11694,1
593,593,0,066c,11694,1
594,594,0,066c,11694,1
595,595,0,066c,-18760,1
596,596,0,066c,-18760,1
597,597,0,066c,-9502,1
598,598,0,066c,-9502,1
599,599,0,066c,27531,1
600,600,0,066c,27531,1
601,601,0,066c,-20947,1
602,602,0,066c,-20947,1
603,603,0,066c,-18251,1
604,604,0,066c,-18251,1
605,605,0,066c,-7466,1
606,606,0,066c,-7466,1
607,607,0,066c,-29864,1
608,608,0,066c,-29864,1
609,609,0,066c,11619,1
610,610,0,066c,11619,1
611,611,0,066c,11619,1
612,612,0,066c,11619,1
613,613,0,066c,11619,1
614,614,0,066c,11619,1
615,615,0,066c,11619,1
616,616,0,066c,11619,1
617,617,0,066c,11619,1
618,618,0,066c,11619,1
619,619,0,066c,11619,1
620,620,0,066c,-19060,1
621,621,0,066c,-19060,1
622,622,0,066c,-10702,1
623,623,0,066c,-10702,1
624,624,0,066c,22731,1
625,625,0,066c,22731,1
626,626,0,066c,25389,1
627,627,0,066c,25389,1
628,628,0,066c,-29516,1
629,629,0,066c,-29516,1
630,630,0,066c,13010,1
631,631,0,066c,13010,1
632,632,0,066c,-13496,1
633,633,0,066c,-13496,1
634,634,0,066c,11554,1
635,635,0,066c,11554,1
636,636,0,066c,11554,1
637,637,0,066c,11554,1
638,638,0,066c,11554,1
639,639,0,066c,11554,1
640,640,0,066c,11554,1
641,641,0,066c,11554,1
642,642,0,066c,11554,1
643,643,0,066c,11554,1
644,644,0,066c,11554,1
645,645,0,066c,-19320,1
646,646,0,066c,-19320,1
647,647,0,066c,-11742,1
648,648,0,066c,-11742,1
649,649,0,066c,18571,1
650,650,0,066c,18571,1
651,651,0,066c,8748,1
652,652,0,066c,8748,1
653,653,0,066c,-30541,1
654,654,0,066c,-30541,1
655,655,0,066c,8909,1
656,656,0,066c,8909,1
657,657,0,066c,-29898,1
658,658,0,066c,-29898,1
659,659,0,066c,11482,1
660,660,0,066c,11482,1
661,661,0,066c,11482,1
662,662,0,066c,11482,1
663,663,0,066c,11482,1
664,664,0,066c,11482,1
665,665,0,066c,11482,1
666,666,0,066c,11482,1
667,667,0,066c,11482,1
668,668,0,066c,11482,1
669,669,0,066c,11482,1
670,670,0,066c,-19608,1
671,671,0,066c,-19608,1
672,672,0,066c,-12894,1
673,673,0,066c,-12894,1
674,674,0,066c,13963,1
675,675,0,066c,13963,1
676,676,0,066c,-9684,1
677,677,0,066c,-9684,1
678,678,0,066c,26801,1
679,679,0,066c,26801,1
680,680,0,066c,-23867,1
681,681,0,066c,-23867,1
682,682,0,066c,-29931,1
683,683,0,066c,-29931,1
684,684,0,066c,11348,1
685,685,0,066c,11348,1
686,686,0,066c,11348,1
687,687,0,066c,11348,1
688,688,0,066c,11348,1
689,689,0,066c,11348,1
690,690,0,066c,11348,1
691,691,0,066c,11348,1
692,692,0,066c,11348,1
693,693,0,066c,11348,1
694,694,0,066c,11348,1
695,695,0,066c,-20144,1
696,696,0,066c,-20144,1
697,697,0,066c,-15038,1
698,698,0,066c,-15038,1
699,699,0,066c,5387,1
700,700,0,066c,5387,1
701,701,0,066c,21549,1
702,702,0,066c,21549,1
703,703,0,066c,20662,1
704,704,0,066c,20662,1
705,705,0,066c,17112,1
706,706,0,066c,17112,1
707,707,0,066c,2912,1
708,708,0,066c,2912,1
709,709,0,066c,11650,1
710,710,0,066c,11650,1
711,711,0,066c,11650,1
712,712,0,066c,11650,1
713,713,0,066c,11650,1
714,714,0,066c,11650,1
715,715,0,066c,11650,1
716,716,0,066c,11650,1
717,717,0,066c,11650,1
718,718,0,066c,11650,1
719,719,0,066c,11650,1
720,720,0,066c,-18936,1
721,721,0,066c,-18936,1
722,722,0,066c,-10206,1
723,723,0,066c,-10206,1
724,724,0,066c,24715,1
725,725,0,066c,24715,1
726,726,0,066c,-32211,1
727,727,0,066c,-32211,1
728,728,0,066c,2228,1
729,729,0,066c,2228,1
730,730,0,066c,8915,1
731,731,0,066c,8915,1
732,732,0,066c,-29874,1
733,733,0,066c,-29874,1
734,734,0,066c,11577,1
735,735,0,066c,11577,1
736,736,0,066c,11577,1
737,737,0,066c,11577,1
738,738,0,066c,11577,1
739,739,0,066c,11577,1
740,740,0,066c,11577,1
741,741,0,066c,11577,1
742,742,0,066c,11577,1
743,743,0,066c,11577,1
744,744,0,066c,11577,1
745,745,0,066c,-19228,1
746,746,0,066c,-19228,1
747,747,0,066c,-11374,1
748,748,0,066c,-11374,1
749,749,0,066c,20043,1
750,750,0,066c,20043,1
751,751,0,066c,14637,1
752,752,0,066c,14637,1
753,753,0,066c,-6987,1
754,754,0,066c,-6987,1
755,755,0,066c,-27946,1
756,756,0,066c,-27946,1
757,757,0,066c,19289,1
758,758,0,066c,19289,1
759,759,0,066c,11621,1
760,760,0,066c,11621,1
761,761,0,066c,11621,1
762,762,0,066c,11621,1
763,763,0,066c,11621,1
764,764,0,066c,11621,1
765,765,0,066c,11621,1
766,766,0,066c,11621,1
767,767,0,066c,11621,1
768,768,0,066c,11621,1
769,769,0,066c,11621,1
770,770,0,066c,-19052,1
771,771,0,066c,-19052,1
772,772,0,066c,-10670,1
773,773,0,066c,-10670,1
774,774,0,066c,22859,1
775,775,0,066c,22859,1
776,776,0,066c,25901,1
777,777,0,066c,25901,1
778,778,0,066c,-27466,1
779,779,0,066c,-27466,1
780,780,0,066c,21210,1
781,781,0,066c,21210,1
782,782,0,066c,19307,1
783,783,0,066c,19307,1
784,784,0,066c,11693,1
785,785,0,066c,11693,1
786,786,0,066c,11693,1
787,787,0,066c,11693,1
788,788,0,066c,11693,1
789,789,0,066c,11693,1
790,790,0,066c,11693,1
791,791,0,066c,11693,1
792,792,0,066c,11693,1
793,793,0,066c,11693,1
794,794,0,066c,11693,1
795,795,0,066c,-18764,1
796,796,0,066c,-18764,1
797,797,0,066c,-9518,1
798,798,0,066c,-9518,1
799,799,0,066c,27467,1
800,800,0,066c,27467,1
801,801,0,066c,-21204,1
802,802,0,066c,-21204,1
803,803,0,066c,-19277,1
804,804,0,066c,-19277,1
805,805,0,066c,-11570,1
806,806,0,066c,-11570,1
807,807,0,066c,19258,1
808,808,0,066c,19258,1
809,809,0,066c,11498,1
810,810,0,066c,11498,1
811,811,0,066c,11498,1
812,812,0,066c,11498,1
813,813,0,066c,11498,1
814,814,0,066c,11498,1
815,815,0,066c,11498,1
816,816,0,066c,11498,1
817,817,0,066c,11498,1
818,818,0,066c,11498,1
819,819,0,066c,11498,1
820,820,0,066c,-19544,1
821,821,0,066c,-19544,1
822,822,0,066c,-12638,1
823,823,0,066c,-12638,1
824,824,0,066c,14987,1
825,825,0,066c,14987,1
826,826,0,066c,-5588,1
827,827,0,066c,-5588,1
828,828,0,066c,-22350,1
829,829,0,066c,-22350,1
830,830,0,066c,-23861,1
831,831,0,066c,-23861,1
832,832,0,066c,-29908,1
833,833,0,066c,-29908,1
834,834,0,066c,11443,1
835,835,0,066c,11443,1
836,836,0,066c,11443,1
837,837,0,066c,11443,1
838,838,0,066c,11443,1
839,839,0,066c,11443,1
840,840,0,066c,11443,1
841,841,0,066c,11443,1
842,842,0,066c,11443,1
843,843,0,066c,11443,1
844,844,0,066c,11443,1
845,845,0,066c,-19764,1
846,846,0,066c,-19764,1
847,847,0,066c,-13518,1
848,848,0,066c,-13518,1
849,849,0,066c,11467,1
850,850,0,066c,11467,1
851,851,0,066c,-19668,1
852,852,0,066c,-19668,1
853,853,0,066c,-13136,1
854,854,0,066c,-13136,1
855,855,0,066c,12995,1
856,856,0,066c,12995,1
857,857,0,066c,-13553,1
858,858,0,066c,-13553,1
859,859,0,066c,11325,1
860,860,0,066c,11325,1
861,861,0,066c,11325,1
862,862,0,066c,11325,1
863,863,0,066c,11325,1
864,864,0,066c,11325,1
865,865,0,066c,11325,1
866,866,0,066c,11325,1
867,867,0,066c,11325,1
868,868,0,066c,11325,1
869,869,0,066c,11325,1
870,870,0,066c,-20236,1
871,871,0,066c,-20236,1
872,872,0,066c,-15406,1
873,873,0,066c,-15406,1
874,874,0,066c,3915,1
875,875,0,066c,3915,1
876,876,0,066c,15660,1
877,877,0,066c,15660,1
878,878,0,066c,-2894,1
879,879,0,066c,-2894,1
880,880,0,066c,-11574,1
881,881,0,066c,-11574,1
882,882,0,066c,19242,1
883,883,0,066c,19242,1
884,884,0,066c,11435,1
885,885,0,066c,11435,1
886,886,0,066c,11435,1
887,887,0,066c,11435,1
888,888,0,066c,11435,1
889,889,0,066c,11435,1
890,890,0,066c,11435,1
891,891,0,066c,11435,1
892,892,0,066c,11435,1
893,893,0,066c,11435,1
894,894,0,066c,11435,1
895,895,0,066c,-19796,1
896,896,0,066c,-19796,1
897,897,0,066c,-13646,1
898,898,0,066c,-13646,1
899,899,0,066c,10955,1
900,900,0,066c,10955,1
901,901,0,066c,-21716,1
902,902,0,066c,-21716,1
903,903,0,066c,-21327,1
904,904,0,066c,-21327,1
905,905,0,066c,-19772,1
906,906,0,066c,-19772,1
907,907,0,066c,-13552,1
908,908,0,066c,-13552,1
909,909,0,066c,11331,1
910,910,0,066c,11331,1
911,911,0,066c,11331,1
912,912,0,066c,11331,1
913,913,0,066c,11331,1
914,914,0,066c,11331,1
915,915,0,066c,11331,1
916,916,0,066c,11331,1
917,917,0,066c,11331,1
918,918,0,066c,11331,1
919,919,0,066c,11331,1
920,920,0,066c,-20212,1
921,921,0,066c,-20212,1
922,922,0,066c,-15310,1
923,923,0,066c,-15310,1
924,924,0,066c,4299,1
925,925,0,066c,4299,1
926,926,0,066c,17196,1
927,927,0,066c,17196,1
928,928,0,066c,3249,1
929,929,0,066c,3249,1
930,930,0,066c,12996,1
931,931,0,066c,12996,1
932,932,0,066c,-13550,1
933,933,0,066c,-13550,1
934,934,0,066c,11336,1
935,935,0,066c,11336,1
936,936,0,066c,11336,1
937,937,0,066c,11336,1
938,938,0,066c,11336,1
939,939,0,066c,11336,1
940,940,0,066c,11336,1
941,941,0,066c,11336,1
942,942,0,066c,11336,1
943,943,0,066c,11336,1
944,944,0,066c,11336,1
945,945,0,066c,-20192,1
946,946,0,066c,-20192,1
947,947,0,066c,-15230,1
948,948,0,066c,-15230,1
949,949,0,066c,4618,1
950,950,0,066c,4618,1
951,951,0,066c,18475,1
952,952,0,066c,18475,1
953,953,0,066c,8366,1
954,954,0,066c,8366,1
955,955,0,066c,-32070,1
956,956,0,066c,-32070,1
957,957,0,066c,2795,1
958,958,0,066c,2795,1
959,959,0,066c,11180,1
960,960,0,066c,11180,1
961,961,0,066c,11180,1
962,962,0,066c,11180,1
963,963,0,066c,11180,1
964,964,0,066c,11180,1
965,965,0,066c,11180,1
966,966,0,066c,11180,1
967,967,0,066c,11180,1
968,968,0,066c,11180,1
969,969,0,066c,11180,1
970,970,0,066c,-20816,1
971,971,0,066c,-20816,1
972,972,0,066c,-17726,1
973,973,0,066c,-17726,1
974,974,0,066c,-5366,1
975,975,0,066c,-5366,1
976,976,0,066c,-21461,1
977,977,0,066c,-21461,1
978,978,0,066c,-20308,1
979,979,0,066c,-20308,1
980,980,0,066c,-15693,1
981,981,0,066c,-15693,1
982,982,0,066c,2766,1
983,983,0,066c,2766,1
984,984,0,066c,11064,1
985,985,0,066c,11064,1
986,986,0,066c,11064,1
987,987,0,066c,11064,1
988,988,0,066c,11064,1
989,989,0,066c,11064,1
990,990,0,066c,11064,1
991,991,0,066c,11064,1
992,992,0,066c,11064,1
993,993,0,066c,11064,1
994,994,0,066c,11064,1
995,995,0,066c,-21280,1
996,996,0,066c,-21280,1
997,997,0,066c,-19582,1
998,998,0,066c,-19582,1
999,999,0,066c,-12789,1
1000,1000,0,066c,-12789,1
1001,1001,0,066c,14380,1
1002,1002,0,066c,14380,1
1003,1003,0,066c,-8014,1
1004,1004,0,066c,-8014,1
1005,1005,0,066c,-32054,1
1006,1006,0,066c,-32054,1
1007,1007,0,066c,2856,1
1008,1008,0,066c,2856,1
1009,1009,0,066c,11427,1
1010,1010,0,066c,11427,1
1011,1011,0,066c,11427,1
1012,1012,0,066c,11427,1
1013,1013,0,066c,11427,1
1014,1014,0,066c,11427,1
1015,1015,0,066c,11427,1
1016,1016,0,066c,11427,1
1017,1017,0,066c,11427,1
1018,1018,0,066c,11427,1
1019,1019,0,066c,11427,1
1020,1020,0,066c,-19828,1
1021,1021,0,066c,-19828,1
1022,1022,0,066c,-13774,1
1023,1023,0,066c,-13774,1
1024,1024,0,066c,10443,1
1025,1025,0,066c,10443,1
1026,1026,0,066c,-23764,1
1027,1027,0,066c,-23764,1
1028,1028,0,066c,-29520,1
1029,1029,0,066c,-29520,1
1030,1030,0,066c,12994,1
1031,1031,0,066c,12994,1
1032,1032,0,066c,-13560,1
1033,1033,0,066c,-13560,1
1034,1034,0,066c,11298,1
1035,1035,0,066c,11298,1
1036,1036,0,066c,11298,1
1037,1037,0,066c,11298,1
1038,1038,0,066c,11298,1
1039,1039,0,066c,11298,1
1040,1040,0,066c,11298,1
1041,1041,0,066c,11298,1
1042,1042,0,066c,11298,1
1043,1043,0,066c,11298,1
1044,1044,0,066c,11298,1
1045,1045,0,066c,-20344,1
1046,1046,0,066c,-20344,1
1047,1047,0,066c,-15838,1
1048,1048,0,066c,-15838,1
1049,1049,0,066c,2187,1
1050,1050,0,066c,2187,1
1051,1051,0,066c,8748,1
1052,1052,0,066c,8748,1
1053,1053,0,066c,-30544,1
1054,1054,0,066c,-30544,1
1055,1055,0,066c,8897,1
1056,1056,0,066c,8897,1
1057,1057,0,066c,-29946,1
1058,1058,0,066c,-29946,1
1059,1059,0,066c,11288,1
1060,1060,0,066c,11288,1
1061,1061,0,066c,11288,1
1062,1062,0,066c,11288,1
1063,1063,0,066c,11288,1
1064,1064,0,066c,11288,1
1065,1065,0,066c,11288,1
1066,1066,0,066c,11288,1
1067,1067,0,066c,11288,1
1068,1068,0,066c,11288,1
1069,1069,0,066c,11288,1
1070,1070,0,066c,-20384,1
1071,1071,0,066c,-20384,1
1072,1072,0,066c,-15998,1
1073,1073,0,066c,-15998,1
1074,1074,0,066c,1546,1
1075,1075,0,066c,1546,1
1076,1076,0,066c,6187,1
1077,1077,0,066c,6187,1
1078,1078,0,066c,24750,1
1079,1079,0,066c,24750,1
1080,1080,0,066c,-32071,1
1081,1081,0,066c,-32071,1
1082,1082,0,066c,2791,1
1083,1083,0,066c,2791,1
1084,1084,0,066c,11164,1
1085,1085,0,066c,11164,1
1086,1086,0,066c,11164,1
1087,1087,0,066c,11164,1
1088,1088,0,066c,11164,1
1089,1089,0,066c,11164,1
1090,1090,0,066c,11164,1
1091,1091,0,066c,11164,1
1092,1092,0,066c,11164,1
1093,1093,0,066c,11164,1
1094,1094,0,066c,11164,1
1095,1095,0,066c,-20880,1
1096,1096,0,066c,-20880,1
1097,1097,0,066c,-17982,1
1098,1098,0,066c,-17982,1
1099,1099,0,066c,-6390,1
1100,1100,0,066c,-6390,1
1101,1101,0,066c,-25557,1
1102,1102,0,066c,-25557,1
1103,1103,0,066c,28847,1
1104,1104,0,066c,28847,1
1105,1105,0,066c,-15681,1
1106,1106,0,066c,-15681,1
1107,1107,0,066c,2812,1
1108,1108,0,066c,2812,1
1109,1109,0,066c,11250,1
1110,1110,0,066c,11250,1
1111,1111,0,066c,11250,1
1112,1112,0,066c,11250,1
1113,1113,0,066c,11250,1
1114,1114,0,066c,11250,1
1115,1115,0,066c,11250,1
1116,1116,0,066c,11250,1
1117,1117,0,066c,11250,1
1118,1118,0,066c,11250,1
1119,1119,0,066c,11250,1
1120,1120,0,066c,-20536,1
1121,1121,0,066c,-20536,1
1122,1122,0,066c,-16606,1
1123,1123,0,066c,-16606,1
1124,1124,0,066c,-885,1
1125,1125,0,066c,-885,1
1126,1126,0,066c,-3539,1
1127,1127,0,066c,-3539,1
1128,1128,0,066c,-14156,1
1129,1129,0,066c,-14156,1
1130,1130,0,066c,8912,1
1131,1131,0,066c,8912,1
1132,1132,0,066c,-29886,1
1133,1133,0,066c,-29886,1
1134,1134,0,066c,11531,1
1135,1135,0,066c,11531,1
1136,1136,0,066c,11531,1
1137,1137,0,066c,11531,1
1138,1138,0,066c,11531,1
1139,1139,0,066c,11531,1
1140,1140,0,066c,11531,1
1141,1141,0,066c,11531,1
1142,1142,0,066c,11531,1
1143,1143,0,066c,11531,1
1144,1144,0,066c,11531,1
1145,1145,0,066c,-19412,1
1146,1146,0,066c,-19412,1
1147,1147,0,066c,-12110,1
1148,1148,0,066c,-12110,1
1149,1149,0,066c,17099,1
1150,1150,0,066c,17099,1
1151,1151,0,066c,2861,1
1152,1152,0,066c,2861,1
1153,1153,0,066c,11445,1
1154,1154,0,066c,11445,1
1155,1155,0,066c,-19754,1
1156,1156,0,066c,-19754,1
1157,1157,0,066c,-13479,1
1158,1158,0,066c,-13479,1
1159,1159,0,066c,11621,1
1160,1160,0,066c,11621,1
1161,1161,0,066c,11621,1
1162,1162,0,066c,11621,1
1163,1163,0,066c,11621,1
1164,1164,0,066c,11621,1
1165,1165,0,066c,11621,1
1166,1166,0,066c,11621,1
1167,1167,0,066c,11621,1
1168,1168,0,066c,11621,1
1169,1169,0,066c,11621,1
1170,1170,0,066c,-19052,1
1171,1171,0,066c,-19052,1
1172,1172,0,066c,-10670,1
1173,1173,0,066c,-10670,1
1174,1174,0,066c,22859,1
1175,1175,0,066c,22859,1
1176,1176,0,066c,25900,1
1177,1177,0,066c,25900,1
1178,1178,0,066c,-27471,1
1179,1179,0,066c,-27471,1
1180,1180,0,066c,21190,1
1181,1181,0,066c,21190,1
1182,1182,0,066c,19225,1
1183,1183,0,066c,19225,1
1184,1184,0,066c,11367,1
1185,1185,0,066c,11367,1
1186,1186,0,066c,11367,1
1187,1187,0,066c,11367,1
1188,1188,0,066c,11367,1
1189,1189,0,066c,11367,1
1190,1190,0,066c,11367,1
1191,1191,0,066c,11367,1
1192,1192,0,066c,11367,1
1193,1193,0,066c,11367,1
1194,1194,0,066c,11367,1
1195,1195,0,066c,-20068,1
1196,1196,0,066c,-20068,1
1197,1197,0,066c,-14734,1
1198,1198,0,066c,-14734,1
1199,1199,0,066c,6603,1
1200,1200,0,066c,6603,1
1201,1201,0,066c,26412,1
1202,1202,0,066c,26412,1
1203,1203,0,066c,-25422,1
1204,1204,0,066c,-25422,1
1205,1205,0,066c,29387,1
1206,1206,0,066c,29387,1
1207,1207,0,066c,-13524,1
1208,1208,0,066c,-13524,1
1209,1209,0,066c,11442,1
1210,1210,0,066c,11442,1
1211,1211,0,066c,11442,1
1212,1212,0,066c,11442,1
1213,1213,0,066c,11442,1
1214,1214,0,066c,11442,1
1215,1215,0,066c,11442,1
1216,1216,0,066c,11442,1
1217,1217,0,066c,11442,1
1218,1218,0,066c,11442,1
1219,1219,0,066c,11442,1
1220,1220,0,066c,-19768,1
1221,1221,0,066c,-19768,1
1222,1222,0,066c,-13534,1
1223,1223,0,066c,-13534,1
1224,1224,0,066c,11403,1
1225,1225,0,066c,11403,1
1226,1226,0,066c,-19924,1
1227,1227,0,066c,-19924,1
1228,1228,0,066c,-14157,1
1229,1229,0,066c,-14157,1
1230,1230,0,066c,8908,1
1231,1231,0,066c,8908,1
1232,1232,0,066c,-29904,1
1233,1233,0,066c,-29904,1
1234,1234,0,066c,11459,1
1235,1235,0,066c,11459,1
1236,1236,0,066c,11459,1
1237,1237,0,066c,11459,1
1238,1238,0,066c,11459,1
1239,1239,0,066c,11459,1
1240,1240,0,066c,11459,1
1241,1241,0,066c,11459,1
1242,1242,0,066c,11459,1
1243,1243,0,066c,11459,1
1244,1244,0,066c,11459,1
1245,1245,0,066c,-19700,1
1246,1246,0,066c,-19700,1
1247,1247,0,066c,-13262,1
1248,1248,0,066c,-13262,1
1249,1249,0,066c,12491,1
1250,1250,0,066c,12491,1
1251,1251,0,066c,-15572,1
1252,1252,0,066c,-15572,1
1253,1253,0,066c,3250,1
1254,1254,0,066c,3250,1
1255,1255,0,066c,13003,1
1256,1256,0,066c,13003,1
1257,1257,0,066c,-13521,1
1258,1258,0,066c,-13521,1
1259,1259,0,066c,11455,1
1260,1260,0,066c,11455,1
1261,1261,0,066c,11455,1
1262,1262,0,066c,11455,1
1263,1263,0,066c,11455,1
1264,1264,0,066c,11455,1
1265,1265,0,066c,11455,1
1266,1266,0,066c,11455,1
1267,1267,0,066c,11455,1
1268,1268,0,066c,11455,1
1269,1269,0,066c,11455,1
1270,1270,0,066c,-19716,1
1271,1271,0,066c,-19716,1
1272,1272,0,066c,-13326,1
1273,1273,0,066c,-13326,1
1274,1274,0,066c,12235,1
1275,1275,0,066c,12235,1
1276,1276,0,066c,-16596,1
1277,1277,0,066c,-16596,1
1278,1278,0,066c,-847,1
1279,1279,0,066c,-847,1
1280,1280,0,066c,-3386,1
1281,1281,0,066c,-3386,1
1282,1282,0,066c,-13543,1
1283,1283,0,066c,-13543,1
1284,1284,0,066c,11365,1
1285,1285,0,066c,11365,1
1286,1286,0,066c,11365,1
1287,1287,0,066c,11365,1
1288,1288,0,066c,11365,1
1289,1289,0,066c,11365,1
1290,1290,0,066c,11365,1
1291,1291,0,066c,11365,1
1292,1292,0,066c,11365,1
1293,1293,0,066c,11365,1
1294,1294,0,066c,11365,1
1295,1295,0,066c,-20076,1
1296,1296,0,066c,-20076,1
1297,1297,0,066c,-14766,1
1298,1298,0,066c,-14766,1
1299,1299,0,066c,6475,1
1300,1300,0,066c,6475,1
1301,1301,0,066c,25901,1
1302,1302,0,066c,25901,1
1303,1303,0,066c,-27468,1
1304,1304,0,066c,-27468,1
1305,1305,0,066c,21200,1
1306,1306,0,066c,21200,1
1307,1307,0,066c,19264,1
1308,1308,0,066c,19264,1
1309,1309,0,066c,11523,1
1310,1310,0,066c,11523,1
1311,1311,0,066c,11523,1
1312,1312,0,066c,11523,1
1313,1313,0,066c,11523,1
1314,1314,0,066c,11523,1
1315,1315,0,066c,11523,1
1316,1316,0,066c,11523,1
1317,1317,0,066c,11523,1
1318,1318,0,066c,11523,1
1319,1319,0,066c,11523,1
1320,1320,0,066c,-19444,1
1321,1321,0,066c,-19444,1
1322,1322,0,066c,-12238,1
1323,1323,0,066c,-12238,1
1324,1324,0,066c,16587,1
1325,1325,0,066c,16587,1
1326,1326,0,066c,813,1
1327,1327,0,066c,813,1
1328,1328,0,066c,3253,1
1329,1329,0,066c,3253,1
1330,1330,0,066c,13012,1
1331,1331,0,066c,13012,1
1332,1332,0,066c,-13486,1
1333,1333,0,066c,-13486,1
1334,1334,0,066c,11592,1
1335,1335,0,066c,11592,1
1336,1336,0,066c,11592,1
1337,1337,0,066c,11592,1
1338,1338,0,066c,11592,1
1339,1339,0,066c,11592,1
1340,1340,0,066c,11592,1
1341,1341,0,066c,11592,1
1342,1342,0,066c,11592,1
1343,1343,0,066c,11592,1
1344,1344,0,066c,11592,1
1345,1345,0,066c,-19168,1
1346,1346,0,066c,-19168,1
1347,1347,0,066c,-11134,1
1348,1348,0,066c,-11134,1
1349,1349,0,066c,21003,1
1350,1350,0,066c,21003,1
1351,1351,0,066c,18476,1
1352,1352,0,066c,18476,1
1353,1353,0,066c,8370,1
1354,1354,0,066c,8370,1
1355,1355,0,066c,-32053,1
1356,1356,0,066c,-32053,1
1357,1357,0,066c,2863,1
1358,1358,0,066c,2863,1
1359,1359,0,066c,11452,1
1360,1360,0,066c,11452,1
1361,1361,0,066c,11452,1
1362,1362,0,066c,11452,1
1363,1363,0,066c,11452,1
1364,1364,0,066c,11452,1
1365,1365,0,066c,11452,1
1366,1366,0,066c,11452,1
1367,1367,0,066c,11452,1
1368,1368,0,066c,11452,1
1369,1369,0,066c,11452,1
1370,1370,0,066c,-19728,1
1371,1371,0,066c,-19728,1
1372,1372,0,066c,-13374,1
1373,1373,0,066c,-13374,1
1374,1374,0,066c,12043,1
1375,1375,0,066c,12043,1
1376,1376,0,066c,-17364,1
1377,1377,0,066c,-17364,1
1378,1378,0,066c,-3918,1
1379,1379,0,066c,-3918,1
1380,1380,0,066c,-15672,1
1381,1381,0,066c,-15672,1
1382,1382,0,066c,2848,1
1383,1383,0,066c,2848,1
1384,1384,0,066c,11392,1
1385,1385,0,066c,11392,1
1386,1386,0,066c,11392,1
1387,1387,0,066c,11392,1
1388,1388,0,066c,11392,1
1389,1389,0,066c,11392,1
1390,1390,0,066c,11392,1
1391,1391,0,066c,11392,1
1392,1392,0,066c,11392,1
1393,1393,0,066c,11392,1
1394,1394,0,066c,11392,1
1395,1395,0,066c,-19968,1
1396,1396,0,066c,-19968,1
1397,1397,0,066c,-14334,1
1398,1398,0,066c,-14334,1
1399,1399,0,066c,8203,1
1400,1400,0,066c,8203,1
1401,1401,0,066c,-32723,1
1402,1402,0,066c,-32723,1
1403,1403,0,066c,180,1
1404,1404,0,066c,180,1
1405,1405,0,066c,722,1
1406,1406,0,066c,722,1
1407,1407,0,066c,2888,1
1408,1408,0,066c,2888,1
1409,1409,0,066c,11555,1
1410,1410,0,066c,11555,1
1411,1411,0,066c,11555,1
1412,1412,0,066c,11555,1
1413,1413,0,066c,11555,1
1414,1414,0,066c,11555,1
1415,1415,0,066c,11555,1
1416,1416,0,066c,11555,1
1417,1417,0,066c,11555,1
1418,1418,0,066c,11555,1
1419,1419,0,066c,11555,1
1420,1420,0,066c,-19316,1
1421,1421,0,066c,-19316,1
1422,1422,0,066c,-11726,1
1423,1423,0,066c,-11726,1
1424,1424,0,066c,18635,1
1425,1425,0,066c,18635,1
1426,1426,0,066c,9004,1
1427,1427,0,066c,9004,1
1428,1428,0,066c,-29518,1
1429,1429,0,066c,-29518,1
1430,1430,0,066c,13003,1
1431,1431,0,066c,13003,1
1432,1432,0,066c,-13523,1
1433,1433,0,066c,-13523,1
1434,1434,0,066c,11446,1
1435,1435,0,066c,11446,1
1436,1436,0,066c,11446,1
1437,1437,0,066c,11446,1
1438,1438,0,066c,11446,1
1439,1439,0,066c,11446,1
1440,1440,0,066c,11446,1
1441,1441,0,066c,11446,1
1442,1442,0,066c,11446,1
1443,1443,0,066c,11446,1
1444,1444,0,066c,11446,1
1445,1445,0,066c,-19752,1
1446,1446,0,066c,-19752,1
1447,1447,0,066c,-13470,1
1448,1448,0,066c,-13470,1
1449,1449,0,066c,11659,1
1450,1450,0,066c,11659,1
1451,1451,0,066c,-18899,1
1452,1452,0,066c,-18899,1
1453,1453,0,066c,-10060,1
1454,1454,0,066c,-10060,1
1455,1455,0,066c,25297,1
1456,1456,0,066c,25297,1
1457,1457,0,066c,-29884,1
1458,1458,0,066c,-29884,1
1459,1459,0,066c,11538,1
1460,1460,0,066c,11538,1
1461,1461,0,066c,11538,1
1462,1462,0,066c,11538,1
1463,1463,0,066c,11538,1
1464,1464,0,066c,11538,1
1465,1465,0,066c,11538,1
1466,1466,0,066c,11538,1
1467,1467,0,066c,11538,1
1468,1468,0,066c,11538,1
1469,1469,0,066c,11538,1
1470,1470,0,066c,-19384,1
1471,1471,0,066c,-19384,1
1472,1472,0,066c,-11998,1
1473,1473,0,066c,-11998,1
1474,1474,0,066c,17547,1
1475,1475,0,066c,17547,1
1476,1476,0,066c,4652,1
1477,1477,0,066c,4652,1
1478,1478,0,066c,18611,1
1479,1479,0,066c,18611,1
1480,1480,0,066c,8910,1
1481,1481,0,066c,8910,1
1482,1482,0,066c,-29895,1
1483,1483,0,066c,-29895,1
1484,1484,0,066c,11492,1
1485,1485,0,066c,11492,1
1486,1486,0,066c,11492,1
1487,1487,0,066c,11492,1
1488,1488,0,066c,11492,1
1489,1489,0,066c,11492,1
1490,1490,0,066c,11492,1
1491,1491,0,066c,11492,1
1492,1492,0,066c,11492,1
1493,1493,0,066c,11492,1
1494,1494,0,066c,11492,1
1495,1495,0,066c,-19568,1
1496,1496,0,066c,-19568,1
1497,1497,0,066c,-12734,1
1498,1498,0,066c,-12734,1
1499,1499,0,066c,14603,1
1500,1500,0,066c,14603,1
1501,1501,0,066c,-7124,1
1502,1502,0,066c,-7124,1
1503,1503,0,066c,-28495,1
1504,1504,0,066c,-28495,1
1505,1505,0,066c,17094,1
1506,1506,0,066c,17094,1
1507,1507,0,066c,2843,1
1508,1508,0,066c,2843,1
1509,1509,0,066c,11374,1
1510,1510,0,066c,11374,1
1511,1511,0,066c,11374,1
1512,1512,0,066c,11374,1
1513,1513,0,066c,11374,1
1514,1514,0,066c,11374,1
1515,1515,0,066c,11374,1
1516,1516,0,066c,11374,1
1517,1517,0,066c,11374,1
1518,1518,0,066c,11374,1
1519,1519,0,066c,11374,1
1520,1520,0,066c,-20040,1
1521,1521,0,066c,-20040,1
1522,1522,0,066c,-14622,1
1523,1523,0,066c,-14622,1
1524,1524,0,066c,7051,1
1525,1525,0,066c,7051,1
1526,1526,0,066c,28205,1
1527,1527,0,066c,28205,1
1528,1528,0,066c,-18249,1
1529,1529,0,066c,-18249,1
1530,1530,0,066c,-7460,1
1531,1531,0,066c,-7460,1
1532,1532,0,066c,-29838,1
1533,1533,0,066c,-29838,1
1534,1534,0,066c,11723,1
1535,1535,0,066c,11723,1
1536,1536,0,066c,11723,1
1537,1537,0,066c,11723,1
1538,1538,0,066c,11723,1
1539,1539,0,066c,11723,1
1540,1540,0,066c,11723,1
1541,1541,0,066c,11723,1
1542,1542,0,066c,11723,1
1543,1543,0,066c,11723,1
1544,1544,0,066c,11723,1
1545,1545,0,066c,-18644,1
1546,1546,0,066c,-18644,1
1547,1547,0,066c,-9038,1
1548,1548,0,066c,-9038,1
1549,1549,0,066c,29387,1
1550,1550,0,066c,29387,1
1551,1551,0,066c,-13522,1
1552,1552,0,066c,-13522,1
1553,1553,0,066c,11449,1
1554,1554,0,066c,11449,1
1555,1555,0,066c,-19740,1
1556,1556,0,066c,-19740,1
1557,1557,0,066c,-13424,1
1558,1558,0,066c,-13424,1
1559,1559,0,066c,11841,1
1560,1560,0,066c,11841,1
1561,1561,0,066c,11841,1
1562,1562,0,066c,11841,1
1563,1563,0,066c,11841,1
1564,1564,0,066c,11841,1
1565,1565,0,066c,11841,1
1566,1566,0,066c,11841,1
1567,1567,0,066c,11841,1
1568,1568,0,066c,11841,1
1569,1569,0,066c,11841,1
1570,1570,0,066c,-18172,1
1571,1571,0,066c,-18172,1
1572,1572,0,066c,-7150,1
1573,1573,0,066c,-7150,1
1574,1574,0,066c,-28597,1
1575,1575,0,066c,-28597,1
1576,1576,0,066c,16685,1
1577,1577,0,066c,16685,1
1578,1578,0,066c,1207,1
1579,1579,0,066c,1207,1
1580,1580,0,066c,4830,1
1581,1581,0,066c,4830,1
1582,1582,0,066c,19320,1
1583,1583,0,066c,19320,1
1584,1584,0,066c,11745,1
1585,1585,0,066c,11745,1
1586,1586,0,066c,11745,1
1587,1587,0,066c,11745,1
1588,1588,0,066c,11745,1
1589,1589,0,066c,11745,1
1590,1590,0,066c,11745,1
1591,1591,0,066c,11745,1
1592,1592,0,066c,11745,1
1593,1593,0,066c,11745,1
1594,1594,0,066c,11745,1
1595,1595,0,066c,-18556,1
1596,1596,0,066c,-18556,1
1597,1597,0,066c,-8686,1
1598,1598,0,066c,-8686,1
1599,1599,0,066c,30795,1
1600,1600,0,066c,30795,1
1601,1601,0,066c,-7891,1
1602,1602,0,066c,-7891,1
1603,1603,0,066c,-31564,1
1604,1604,0,066c,-31564,1
1605,1605,0,066c,4816,1
1606,1606,0,066c,4816,1
1607,1607,0,066c,19265,1
1608,1608,0,066c,19265,1
1609,1609,0,066c,11526,1
1610,1610,0,066c,11526,1
1611,1611,0,066c,11526,1
1612,1612,0,066c,11526,1
1613,1613,0,066c,11526,1
1614,1614,0,066c,11526,1
1615,1615,0,066c,11526,1
1616,1616,0,066c,11526,1
1617,1617,0,066c,11526,1
1618,1618,0,066c,11526,1
1619,1619,0,066c,11526,1
1620,1620,0,066c,-19432,1
1621,1621,0,066c,-19432,1
1622,1622,0,066c,-12190,1
1623,1623,0,066c,-12190,1
1624,1624,0,066c,16779,1
1625,1625,0,066c,16779,1
1626,1626,0,066c,1581,1
1627,1627,0,066c,1581,1
1628,1628,0,066c,6326,1
1629,1629,0,066c,6326,1
1630,1630,0,066c,25305,1
1631,1631,0,066c,25305,1
1632,1632,0,066c,-29850,1
1633,1633,0,066c,-29850,1
1634,1634,0,066c,11673,1
1635,1635,0,066c,11673,1
1636,1636,0,066c,11673,1
1637,1637,0,066c,11673,1
1638,1638,0,066c,11673,1
1639,1639,0,066c,11673,1
1640,1640,0,066c,11673,1
1641,1641,0,066c,11673,1
1642,1642,0,066c,11673,1
1643,1643,0,066c,11673,1
1644,1644,0,066c,11673,1
1645,1645,0,066c,-18844,1
1646,1646,0,066c,-18844,1
1647,1647,0,066c,-9838,1
1648,1648,0,066c,-9838,1
1649,1649,0,066c,26187,1
1650,1650,0,066c,26187,1
1651,1651,0,066c,-26322,1
1652,1652,0,066c,-26322,1
1653,1653,0,066c,25784,1
1654,1654,0,066c,25784,1
1655,1655,0,066c,-27934,1
1656,1656,0,066c,-27934,1
1657,1657,0,066c,19337,1
1658,1658,0,066c,19337,1
1659,1659,0,066c,11815,1
1660,1660,0,066c,11815,1
1661,1661,0,066c,11815,1
1662,1662,0,066c,11815,1
1663,1663,0,066c,11815,1
1664,1664,0,066c,11815,1
1665,1665,0,066c,11815,1
1666,1666,0,066c,11815,1
1667,1667,0,066c,11815,1
1668,1668,0,066c,11815,1
1669,1669,0,066c,11815,1
1670,1670,0,066c,-18276,1
1671,1671,0,066c,-18276,1
1672,1672,0,066c,-7566,1
1673,1673,0,066c,-7566,1
1674,1674,0,066c,-30261,1
1675,1675,0,066c,-30261,1
1676,1676,0,066c,10030,1
1677,1677,0,066c,10030,1
1678,1678,0,066c,-25413,1
1679,1679,0,066c,-25413,1
1680,1680,0,066c,29421,1
1681,1681,0,066c,29421,1
1682,1682,0,066c,-13386,1
1683,1683,0,066c,-13386,1
1684,1684,0,066c,11995,1
1685,1685,0,066c,11995,1
1686,1686,0,066c,11995,1
1687,1687,0,066c,11995,1
1688,1688,0,066c,11995,1
1689,1689,0,066c,11995,1
1690,1690,0,066c,11995,1
1691,1691,0,066c,11995,1
1692,1692,0,066c,11995,1
1693,1693,0,066c,11995,1
1694,1694,0,066c,11995,1
1695,1695,0,066c,-17556,1
1696,1696,0,066c,-17556,1
1697,1697,0,066c,-4686,1
1698,1698,0,066c,-4686,1
1699,1699,0,066c,-18741,1
1700,1700,0,066c,-18741,1
1701,1701,0,066c,-9426,1
1702,1702,0,066c,-9426,1
1703,1703,0,066c,27835,1
1704,1704,0,066c,27835,1
1705,1705,0,066c,-19732,1
1706,1706,0,066c,-19732,1
1707,1707,0,066c,-13392,1
1708,1708,0,066c,-13392,1
1709,1709,0,066c,11969,1
1710,1710,0,066c,11969,1
1711,1711,0,066c,11969,1
1712,1712,0,066c,11969,1
1713,1713,0,066c,11969,1
1714,1714,0,066c,11969,1
1715,1715,0,066c,11969,1
1716,1716,0,066c,11969,1
1717,1717,0,066c,11969,1
1718,1718,0,066c,11969,1
1719,1719,0,066c,11969,1
1720,1720,0,066c,-17660,1
1721,1721,0,066c,-17660,1
1722,1722,0,066c,-5102,1
1723,1723,0,066c,-5102,1
1724,1724,0,066c,-20405,1
1725,1725,0,066c,-20405,1
1726,1726,0,066c,-16082,1
1727,1727,0,066c,-16082,1
1728,1728,0,066c,1210,1
1729,1729,0,066c,1210,1
1730,1730,0,066c,4843,1
1731,1731,0,066c,4843,1
1732,1732,0,066c,19375,1
1733,1733,0,066c,19375,1
1734,1734,0,066c,11966,1
1735,1735,0,066c,11966,1
1736,1736,0,066c,11966,1
1737,1737,0,066c,11966,1
1738,1738,0,066c,11966,1
1739,1739,0,066c,11966,1
1740,1740,0,066c,11966,1
1741,1741,0,066c,11966,1
1742,1742,0,066c,11966,1
1743,1743,0,066c,11966,1
1744,1744,0,066c,11966,1
1745,1745,0,066c,-17672,1
1746,1746,0,066c,-17672,1
1747,1747,0,066c,-5150,1
1748,1748,0,066c,-5150,1
1749,1749,0,066c,-20597,1
1750,1750,0,066c,-20597,1
1751,1751,0,066c,-16851,1
1752,1752,0,066c,-16851,1
1753,1753,0,066c,-1865,1
1754,1754,0,066c,-1865,1
1755,1755,0,066c,-7460,1
1756,1756,0,066c,-7460,1
1757,1757,0,066c,-29837,1
1758,1758,0,066c,-29837,1
1759,1759,0,066c,11724,1
1760,1760,0,066c,11724,1
1761,1761,0,066c,11724,1
1762,1762,0,066c,11724,1
1763,1763,0,066c,11724,1
1764,1764,0,066c,11724,1
1765,1765,0,066c,11724,1
1766,1766,0,066c,11724,1
1767,1767,0,066c,11724,1
1768,1768,0,066c,11724,1
1769,1769,0,066c,11724,1
1770,1770,0,066c,-18640,1
1771,1771,0,066c,-18640,1
1772,1772,0,066c,-9022,1
1773,1773,0,066c,-9022,1
1774,1774,0,066c,29451,1
1775,1775,0,066c,29451,1
1776,1776,0,066c,-13266,1
1777,1777,0,066c,-13266,1
1778,1778,0,066c,12474,1
1779,1779,0,066c,12474,1
1780,1780,0,066c,-15638,1
1781,1781,0,066c,-15638,1
1782,1782,0,066c,2985,1
1783,1783,0,066c,2985,1
1784,1784,0,066c,11942,1
1785,1785,0,066c,11942,1
1786,1786,0,066c,11942,1
1787,1787,0,066c,11942,1
1788,1788,0,066c,11942,1
1789,1789,0,066c,11942,1
1790,1790,0,066c,11942,1
1791,1791,0,066c,11942,1
1792,1792,0,066c,11942,1
1793,1793,0,066c,11942,1
1794,1794,0,066c,11942,1
1795,1795,0,066c,-17768,1
1796,1796,0,066c,-17768,1
1797,1797,0,066c,-5534,1
1798,1798,0,066c,-5534,1
1799,1799,0,066c,-22133,1
1800,1800,0,066c,-22133,1
1801,1801,0,066c,-22994,1
1802,1802,0,066c,-22994,1
1803,1803,0,066c,-26440,1
1804,1804,0,066c,-26440,1
1805,1805,0,066c,25314,1
1806,1806,0,066c,25314,1
1807,1807,0,066c,-29816,1
1808,1808,0,066c,-29816,1
1809,1809,0,066c,11811,1
1810,1810,0,066c,11811,1
1811,1811,0,066c,11811,1
1812,1812,0,066c,11811,1
1813,1813,0,066c,11811,1
1814,1814,0,066c,11811,1
1815,1815,0,066c,11811,1
1816,1816,0,066c,11811,1
1817,1817,0,066c,11811,1
1818,1818,0,066c,11811,1
1819,1819,0,066c,11811,1
1820,1820,0,066c,-18292,1
1821,1821,0,066c,-18292,1
1822,1822,0,066c,-7630,1
1823,1823,0,066c,-7630,1
1824,1824,0,066c,-30517,1
1825,1825,0,066c,-30517,1
1826,1826,0,066c,9005,1
1827,1827,0,066c,9005,1
1828,1828,0,066c,-29513,1
1829,1829,0,066c,-29513,1
1830,1830,0,066c,13021,1
1831,1831,0,066c,13021,1
1832,1832,0,066c,-13452,1
1833,1833,0,066c,-13452,1
1834,1834,0,066c,11730,1
1835,1835,0,066c,11730,1
1836,1836,0,066c,11730,1
1837,1837,0,066c,11730,1
1838,1838,0,066c,11730,1
1839,1839,0,066c,11730,1
1840,1840,0,066c,11730,1
1841,1841,0,066c,11730,1
1842,1842,0,066c,11730,1
1843,1843,0,066c,11730,1
1844,1844,0,066c,11730,1
1845,1845,0,066c,-18616,1
1846,1846,0,066c,-18616,1
1847,1847,0,066c,-8926,1
1848,1848,0,066c,-8926,1
1849,1849,0,066c,29835,1
1850,1850,0,066c,29835,1
1851,1851,0,066c,-11731,1
1852,1852,0,066c,-11731,1
1853,1853,0,066c,18613,1
1854,1854,0,066c,18613,1
1855,1855,0,066c,8917,1
1856,1856,0,066c,8917,1
1857,1857,0,066c,-29866,1
1858,1858,0,066c,-29866,1
1859,1859,0,066c,11608,1
1860,1860,0,066c,11608,1
1861,1861,0,066c,11608,1
1862,1862,0,066c,11608,1
1863,1863,0,066c,11608,1
1864,1864,0,066c,11608,1
1865,1865,0,066c,11608,1
1866,1866,0,066c,11608,1
1867,1867,0,066c,11608,1
1868,1868,0,066c,11608,1
1869,1869,0,066c,11608,1
1870,1870,0,066c,-19104,1
1871,1871,0,066c,-19104,1
1872,1872,0,066c,-10878,1
1873,1873,0,066c,-10878,1
1874,1874,0,066c,22027,1
1875,1875,0,066c,22027,1
1876,1876,0,066c,22573,1
1877,1877,0,066c,22573,1
1878,1878,0,066c,24758,1
1879,1879,0,066c,24758,1
1880,1880,0,066c,-32038,1
1881,1881,0,066c,-32038,1
1882,1882,0,066c,2920,1
1883,1883,0,066c,2920,1
1884,1884,0,066c,11680,1
1885,1885,0,066c,11680,1
1886,1886,0,066c,11680,1
1887,1887,0,066c,11680,1
1888,1888,0,066c,11680,1
1889,1889,0,066c,11680,1
1890,1890,0,066c,11680,1
1891,1891,0,066c,11680,1
1892,1892,0,066c,11680,1
1893,1893,0,066c,11680,1
1894,1894,0,066c,11680,1
1895,1895,0,066c,-18816,1
1896,1896,0,066c,-18816,1
1897,1897,0,066c,-9726,1
1898,1898,0,066c,-9726,1
1899,1899,0,066c,26635,1
1900,1900,0,066c,26635,1
1901,1901,0,066c,-24531,1
1902,1902,0,066c,-24531,1
1903,1903,0,066c,-32587,1
1904,1904,0,066c,-32587,1
1905,1905,0,066c,726,1
1906,1906,0,066c,726,1
1907,1907,0,066c,2906,1
1908,1908,0,066c,2906,1
1909,1909,0,066c,11626,1
1910,1910,0,066c,11626,1
1911,1911,0,066c,11626,1
1912,1912,0,066c,11626,1
1913,1913,0,066c,11626,1
1914,1914,0,066c,11626,1
1915,1915,0,066c,11626,1
1916,1916,0,066c,11626,1
1917,1917,0,066c,11626,1
1918,1918,0,066c,11626,1
1919,1919,0,066c,11626,1
1920,1920,0,066c,-19032,1
1921,1921,0,066c,-19032,1
1922,1922,0,066c,-10590,1
1923,1923,0,066c,-10590,1
1924,1924,0,066c,23179,1
1925,1925,0,066c,23179,1
1926,1926,0,066c,27181,1
1927,1927,0,066c,27181,1
1928,1928,0,066c,-22348,1
1929,1929,0,066c,-22348,1
1930,1930,0,066c,-23853,1
1931,1931,0,066c,-23853,1
1932,1932,0,066c,-29874,1
1933,1933,0,066c,-29874,1
1934,1934,0,066c,11579,1
1935,1935,0,066c,11579,1
1936,1936,0,066c,11579,1
1937,1937,0,066c,11579,1
1938,1938,0,066c,11579,1
1939,1939,0,066c,11579,1
1940,1940,0,066c,11579,1
1941,1941,0,066c,11579,1
1942,1942,0,066c,11579,1
1943,1943,0,066c,11579,1
1944,1944,0,066c,11579,1
1945,1945,0,066c,-19220,1
1946,1946,0,066c,-19220,1
1947,1947,0,066c,-11342,1
1948,1948,0,066c,-11342,1
1949,1949,0,066c,20171,1
1950,1950,0,066c,20171,1
1951,1951,0,066c,15149,1
1952,1952,0,066c,15149,1
1953,1953,0,066c,-4938,1
1954,1954,0,066c,-4938,1
1955,1955,0,066c,-19751,1
1956,1956,0,066c,-19751,1
1957,1957,0,066c,-13465,1
1958,1958,0,066c,-13465,1
1959,1959,0,066c,11677,1
1960,1960,0,066c,11677,1
1961,1961,0,066c,11677,1
1962,1962,0,066c,11677,1
1963,1963,0,066c,11677,1
1964,1964,0,066c,11677,1
1965,1965,0,066c,11677,1
1966,1966,0,066c,11677,1
1967,1967,0,066c,11677,1
1968,1968,0,066c,11677,1
1969,1969,0,066c,11677,1
1970,1970,0,066c,-18828,1
1971,1971,0,066c,-18828,1
1972,1972,0,066c,-9774,1
1973,1973,0,066c,-9774,1
1974,1974,0,066c,26443,1
1975,1975,0,066c,26443,1
1976,1976,0,066c,-25299,1
1977,1977,0,066c,-25299,1
1978,1978,0,066c,29877,1
1979,1979,0,066c,29877,1
1980,1980,0,066c,-11562,1
1981,1981,0,066c,-11562,1
1982,1982,0,066c,19290,1
1983,1983,0,066c,19290,1
1984,1984,0,066c,11625,1
1985,1985,0,066c,11625,1
1986,1986,0,066c,11625,1
1987,1987,0,066c,11625,1
1988,1988,0,066c,11625,1
1989,1989,0,066c,11625,1
1990,1990,0,066c,11625,1
1991,1991,0,066c,11625,1
1992,1992,0,066c,11625,1
1993,1993,0,066c,11625,1
1994,1994,0,066c,11625,1
1995,1995,0,066c,-19036,1
1996,1996,0,066c,-19036,1
1997,1997,0,066c,-10606,1
1998,1998,0,066c,-10606,1
1999,1999,0,066c,23115,1
2000,2000,0,066c,23115,1
2001,2001,0,066c,26925,1
2002,2002,0,066c,26925,1
2003,2003,0,066c,-23370,1
2004,2004,0,066c,-23370,1
2005,2005,0,066c,-27942,1
2006,2006,0,066c,-27942,1
2007,2007,0,066c,19307,1
2008,2008,0,066c,19307,1
2009,2009,0,066c,11694,1
2010,2010,0,066c,11694,1
2011,2011,0,066c,11694,1
2012,2012,0,066c,11694,1
2013,2013,0,066c,11694,1
2014,2014,0,066c,11694,1
2015,2015,0,066c,11694,1
2016,2016,0,066c,11694,1
2017,2017,0,066c,11694,1
2018,2018,0,066c,11694,1
2019,2019,0,066c,11694,1
2020,2020,0,066c,-18760,1
2021,2021,0,066c,-18760,1
2022,2022,0,066c,-9502,1
2023,2023,0,066c,-9502,1
2024,2024,0,066c,27531,1
2025,2025,0,066c,27531,1
2026,2026,0,066c,-20947,1
2027,2027,0,066c,-20947,1
2028,2028,0,066c,-18250,1
2029,2029,0,066c,-18250,1
2030,2030,0,066c,-7462,1
2031,2031,0,066c,-7462,1
2032,2032,0,066c,-29846,1
2033,2033,0,066c,-29846,1
2034,2034,0,066c,11691,1
2035,2035,0,066c,11691,1
2036,2036,0,066c,11691,1
2037,2037,0,066c,11691,1
2038,2038,0,066c,11691,1
2039,2039,0,066c,11691,1
2040,2040,0,066c,11691,1
2041,2041,0,066c,11691,1
2042,2042,0,066c,11691,1
2043,2043,0,066c,11691,1
2044,2044,0,066c,11691,1
2045,2045,0,066c,-18772,1
2046,2046,0,066c,-18772,1
2047,2047,0,066c,-9550,1
